ID,SMILES,Target,IC50,Class
bdb_1,COc1cccc2[nH]c(C(=O)NC(CC(C)C)C(=O)NC(CC3CCNC3=O)C(=O)CO)cc12,3C-like proteinase (SARS-CoV),0.004,1
bdb_2,O=C(On1nnc2ccccc21)C(=O)c1cc2ccc(F)cc2[nH]1,3C-like proteinase (SARS-CoV),0.014,1
bdb_3,COc1cccc2[nH]c(C(=O)NC(CC(C)C)C(=O)NC(CC3CCNC3=O)C(=O)CNC(=O)c3ccccc3C#N)cc12,3C-like proteinase (SARS-CoV),0.017,1
bdb_4,CC(C)CC(NC(=O)c1cc2ccccc2[nH]1)C(=O)NC(C=O)CC1CCNC1=O,3C-like proteinase (SARS-CoV),0.02,1
bdb_5,CC(C)(C)CC(NC(=O)c1cc2ccccc2[nH]1)C(=O)NC(CC1CCNC1=O)C(=O)CO,3C-like proteinase (SARS-CoV),0.02,1
bdb_6,CCCCC(NC(=O)c1cc2c(OC)cccc2[nH]1)C(=O)NC(CC1CCNC1=O)C(=O)CO,3C-like proteinase (SARS-CoV),0.02,1
bdb_7,COc1cccc2[nH]c(C(=O)NC(CC(C)(C)C)C(=O)NC(CC3CCNC3=O)C(=O)CO)cc12,3C-like proteinase (SARS-CoV),0.023,1
bdb_8,COc1cccc2[nH]c(C(=O)NC(CC3CCCCC3)C(=O)NC(CC3CCNC3=O)C(=O)CO)cc12,3C-like proteinase (SARS-CoV),0.025,1
bdb_9,O=C(Oc1cncc(Cl)c1)c1cccc2[nH]ccc12,3C-like proteinase (SARS-CoV),0.03,1
bdb_10,CC(C)CC(NC(=O)c1nc2ccccc2[nH]1)C(=O)NC(C=O)CC1CCNC1=O,3C-like proteinase (SARS-CoV),0.032,1
bdb_11,COc1cccc2[nH]c(C(=O)NC(CC(C)(C)C)C(=O)NC(CC3CCNC3=O)C(=O)COCc3ccccc3)cc12,3C-like proteinase (SARS-CoV),0.032,1
bdb_12,COc1cccc2[nH]c(C(=O)NC(CCC(C)C)C(=O)NC(CC3CCNC3=O)C(=O)CO)cc12,3C-like proteinase (SARS-CoV),0.034,1
bdb_13,COCC(=O)C(CC1CCNC1=O)NC(=O)C(CCC(C)C)NC(=O)c1cc2c(OC)cccc2[nH]1,3C-like proteinase (SARS-CoV),0.036,1
bdb_14,CC(C)CC(NC(=O)c1cc2ccccc2[nH]1)C(=O)NC(CC1CCNC1=O)C(=O)CO,3C-like proteinase (SARS-CoV),0.038,1
bdb_15,O=CC(CC1CCNC1=O)NC(=O)C(Cc1cccc(F)c1)NC(=O)c1cc2ccccc2[nH]1,3C-like proteinase (SARS-CoV-2),0.04,1
bdb_512,NC(=O)c1ccc2c(c1)C(=O)C(=O)N2Cc1ccc2ccccc2c1,3C-like proteinase (SARS-CoV-2),0.045,1
bdb_513,NC(=O)c1ccc2c(c1)C(=O)C(=O)N2Cc1ccc2cc(Br)ccc2c1,3C-like proteinase (SARS-CoV-2),0.047,1
bdb_16,O=C(Oc1cncc(Br)c1)c1ccco1,3C-like proteinase (SARS-CoV),0.05,1
bdb_17,COc1cccc2[nH]c(C(=O)NC(CC(C)C)C(=O)NC(C=O)CCC(=O)N(C)C)cc12,3C-like proteinase (SARS-CoV),0.05,1
bdb_18,COCC(=O)C(CC1CCNC1=O)NC(=O)C(CC(C)C)NC(=O)c1cc2c(OC)cccc2[nH]1,3C-like proteinase (SARS-CoV),0.051,1
bdb_19,Cn1ccc(CN(C(=O)Cn2nnc3ccccc32)c2ccc(-c3ccccc3)cc2)c1,3C-like proteinase (SARS-CoV),0.051,1
bdb_20,COc1cccc2[nH]c(C(=O)NC(CC(C)C)C(=O)NC(CC3CCNC3=O)C(=O)COC(=O)c3ccc(C#N)cc3)cc12,3C-like proteinase (SARS-CoV),0.053,1
bdb_21,O=CC(CC1CCNC1=O)NC(=O)C(CC1CCCCC1)NC(=O)c1cc2ccccc2[nH]1,3C-like proteinase (SARS-CoV-2),0.053,1
bdb_514,NC(=O)c1ccc2c(c1)C(=O)C(=O)N2Cc1cc2ccccc2s1,3C-like proteinase (SARS-CoV-2),0.053,1
bdb_22,COCC(=O)C(CC1CCNC1=O)NC(=O)C(CC(C)(C)C)NC(=O)c1cc2c(OC)cccc2[nH]1,3C-like proteinase (SARS-CoV),0.054,1
bdb_24,CC(C)CC(NC(=O)C(NC(=O)OCc1ccccc1)C(C)C)C(=O)NC(C=O)CC1CCNC1=O,3C-like proteinase (SARS-CoV),0.06,1
bdb_28,O=C(Oc1cncc(Cl)c1)c1ccco1,3C-like proteinase (SARS-CoV),0.06,1
bdb_31,O=C(Oc1cncc(Cl)c1)c1ccc(-c2ccc(Cl)cc2)o1,3C-like proteinase (SARS-CoV),0.06,1
bdb_33,O=C(Oc1cncc(Cl)c1)c1cc2ccccc2[nH]1,3C-like proteinase (SARS-CoV),0.065,1
bdb_35,CC(=O)NC(CO)C(=O)NC(C)C(=O)NC(C(=O)NC(CC1CCCCC1)C(=O)NC(C=O)Cc1c[nH]cn1)C(C)C,3C-like proteinase (SARS-CoV),0.065,1
bdb_36,COc1ccc(C(=O)OCC(=O)C(CC2CCNC2=O)NC(=O)C(CC(C)C)NC(=O)c2cc3c(OC)cccc3[nH]2)cc1,3C-like proteinase (SARS-CoV),0.079,1
bdb_37,O=C(Oc1cc(Cl)ccn1)c1cccc2cc[nH]c12,3C-like proteinase (SARS-CoV),0.08,1
bdb_38,O=C(Oc1cncc(Cl)c1)c1cccc2cc[nH]c12,3C-like proteinase (SARS-CoV),0.08,1
bdb_39,COc1cccc2[nH]c(C(=O)NC(CC(C)C)C(=O)NC(CC3CCNC3=O)C(=O)COC(=O)c3ccc(F)cc3)cc12,3C-like proteinase (SARS-CoV),0.082,1
bdb_40,[CH]NC(=O)C(CC(C)C)NC(=O)c1cc2c(OC)cccc2[nH]1,3C-like proteinase (SARS-CoV),0.082,1
bdb_41,COc1cccc2[nH]c(C(=O)NC(CC(C)C)C(=O)NC(CC3CCNC3=O)C(=O)COC(=O)c3ccccc3)cc12,3C-like proteinase (SARS-CoV),0.086,1
bdb_42,CC(C)(C)CC(NC(=O)C1CCCO1)C(=O)NC(CC1CCNC1=O)C(=O)CO,3C-like proteinase (SARS-CoV),0.091,1
bdb_43,CC(=O)NC(CO)C(=O)NC(C)C(=O)NC(C(=O)NC(CC(C)C)C(=O)NC(C=O)Cc1c[nH]cn1)C(C)C,3C-like proteinase (SARS-CoV),0.098,1
bdb_44,CC(=O)NC(CO)C(=O)NC(C)C(=O)NC(C(=O)NC(C=O)Cc1c[nH]cn1)C1CCCCC1,3C-like proteinase (SARS-CoV),0.098,1
bdb_46,COc1cccc2[nH]c(C(=O)NC(Cc3ccccc3)C(=O)NC(CC3CCNC3=O)C(=O)CO)cc12,3C-like proteinase (SARS-CoV),0.103,1
bdb_47,COCC(=O)C(CC1CCNC1=O)NC(=O)C(CC(C)(C)C)NC(=O)c1cc2ccccc2[nH]1,3C-like proteinase (SARS-CoV),0.105,1
bdb_48,COc1cccc2[nH]c(C(=O)N(C)C(CC(C)C)C(=O)NC(CC3CCNC3=O)C(=O)CO)cc12,3C-like proteinase (SARS-CoV),0.105,1
bdb_49,COc1cccc2[nH]c(C(=O)NC(CC(C)C)C(=O)NC(CC3CCNC3=O)C(=O)CNS(C)(=O)=O)cc12,3C-like proteinase (SARS-CoV),0.107,1
bdb_50,CCOCC(=O)C(CC1CCNC1=O)NC(=O)C(CC(C)(C)C)NC(=O)c1cc2ccccc2[nH]1,3C-like proteinase (SARS-CoV),0.112,1
bdb_51,COCC(=O)C(CC1CCNC1=O)NC(=O)C(CC(C)C)NC(=O)c1cc2ccccc2[nH]1,3C-like proteinase (SARS-CoV),0.131,1
bdb_52,COc1cccc2[nH]c(C(=O)NC(CC3CCCCC3)C(=O)NC(CC3CCNC3=O)C(=O)COCc3ccccc3)cc12,3C-like proteinase (SARS-CoV),0.133,1
bdb_53,CC(C)(C)CC(NC(=O)C1CCCO1)C(=O)NC(CC1CCNC1=O)C(=O)COC(=O)c1c(Cl)cccc1Cl,3C-like proteinase (SARS-CoV),0.133,1
bdb_54,CC(C)CC(C(=O)NC(CC1CCNC1=O)C(=O)CO)N(C)C(=O)c1cc2ccccc2[nH]1,3C-like proteinase (SARS-CoV),0.152,1
bdb_55,S=C(NCc1cccnc1)SCc1cc(Cl)sc1Cl,3C-like proteinase (SARS-CoV),0.16,1
bdb_56,COc1cccc2[nH]c(C(=O)NC(CC(C)C)C(=O)NC(CC3CCNC3=O)C(=O)COC(=O)c3c(C)cccc3C)cc12,3C-like proteinase (SARS-CoV),0.16,1
bdb_57,COc1cccc2[nH]c(C(=O)NC(CC(C)C)C(=O)NC(CC3CCNC3=O)C(=O)COC(=O)C3CC3)cc12,3C-like proteinase (SARS-CoV),0.18,1
bdb_58,O=C(C=Cc1ccccc1)NC(CC1CCCCC1)C(=O)NC(CC1CCNC1=O)C(=O)C(=O)NCc1ccccc1,3C-like proteinase (SARS-CoV),0.18,1
bdb_59,COc1cccc2[nH]c(C(=O)NC(CC(C)C)C(=O)NC(CCC(=O)N(C)C)C(=O)CO)cc12,3C-like proteinase (SARS-CoV),0.19,1
bdb_60,O=CC(CC1CCNC1=O)NC(=O)C(Cc1ccccc1)NC(=O)C=Cc1ccc(Cl)cc1F,3C-like proteinase (SARS-CoV),0.2,1
bdb_61,O=C(On1nnc2ccccc21)C(=O)c1ccc2[nH]ccc2c1,3C-like proteinase (SARS-CoV),0.2,1
bdb_62,COc1cccc(OC)c1C(=O)OCC(=O)C(CC1CCNC1=O)NC(=O)C(CC(C)C)NC(=O)c1cc2c(OC)cccc2[nH]1,3C-like proteinase (SARS-CoV),0.21,1
bdb_63,COc1cccc2[nH]c(C(=O)NC(CC(C)C)C(=O)NC(CC3CCNC3=O)C(=O)COC(C)=O)cc12,3C-like proteinase (SARS-CoV),0.22,1
bdb_64,CC(C)CC(NC(=O)C(Cc1cccc2ccccc12)NC(=O)OCc1ccccc1)C(=O)NC(C=O)CC1CCNC1=O,3C-like proteinase (SARS-CoV),0.23,1
bdb_65,O=C(Oc1cc(Cl)ccn1)c1ccc2cc[nH]c2c1,3C-like proteinase (SARS-CoV),0.23,1
bdb_66,O=C(Oc1cncc(Cl)c1)c1ccc2cc[nH]c2c1,3C-like proteinase (SARS-CoV),0.23,1
bdb_70,O=C(Oc1cncc(Cl)c1)c1ccc2[nH]ccc2c1,3C-like proteinase (SARS-CoV),0.31,1
bdb_71,Cc1ccc(S(=O)(=O)n2ccc3cc(C(=O)Oc4cncc(Cl)c4)ccc32)cc1,3C-like proteinase (SARS-CoV),0.31,1
bdb_517,CCCC(NC(=O)C(CC(C)C)NC(=O)OCc1ccccc1)C(=O)C(=O)NCc1ccccn1,3C-like proteinase (SARS-CoV-2),0.45,1
bdb_74,O=C(Oc1cncc(Cl)c1)c1cccs1,3C-like proteinase (SARS-CoV),0.5,1
bdb_77,O=C(Cn1nnc2ccccc21)N(Cc1ccsc1)c1ccc(-c2ccccc2)cc1,3C-like proteinase (SARS-CoV),0.51,1
bdb_79,CC(OC(C)(C)C)C(NC(=O)OCc1ccccc1)C(=O)NC(CC1CCCCC1)C(=O)NC(C=O)CC1CCNC1=O,3C-like proteinase (SARS-CoV),0.6,1
bdb_81,CC(C)CC(NC(=O)C(Cc1cccc2ccccc12)NC(=O)OCc1ccccc1)C(=O)NC(CC1CCNC1=O)C(=O)C(=O)NC(C)C,3C-like proteinase (SARS-CoV),0.61,1
bdb_82,CC(C)(C)OC(=O)Nc1cccn(C(CC2CCCCC2)C(=O)NC(CC2CCNC2=O)C(=O)C(=O)Nc2ccccc2)c1=O,3C-like proteinase (SARS-CoV-2),0.67,1
bdb_83,O=CC(CC1CCNC1=O)NC(=O)C(Cc1ccccc1)NC(=O)C=Cc1cccc(Br)c1,3C-like proteinase (SARS-CoV),0.7,1
bdb_84,O=C(C=Cc1ccccc1)NC(CC1CCCC1)C(=O)NC(CC1CCNC1=O)C(=O)C(=O)NCc1ccccc1,3C-like proteinase (SARS-CoV),0.71,1
bdb_86,CC(C)C(=O)Nc1ccc(N(C(=O)Cn2nnc3ccccc32)C(C(=O)NCc2ccccc2)c2ccc(Cl)c(F)c2)cc1,3C-like proteinase (SARS-CoV),0.8,1
bdb_87,CC(C)(C)OC(=O)Nc1cccn(C(CC2CC2)C(=O)NC(CC2CCNC2=O)C(=O)C(=O)NCc2ccccc2)c1=O,3C-like proteinase (SARS-CoV),0.9,1
bdb_88,O=C(Oc1ccc(S(=O)(=O)c2ccc(OC(=O)C(Cl)=C(Cl)Cl)cc2)cc1)C(Cl)=C(Cl)Cl,3C-like proteinase (SARS-CoV),0.9,1
bdb_89,COc1cccc2[nH]c(C(=O)N(C)C(CC(C)C)C(=O)NC(CC3CCNC3=O)C(=O)COCc3ccccc3)cc12,3C-like proteinase (SARS-CoV),0.927,1
bdb_90,CN(CC(=O)NC1CCCC1)S(=O)(=O)c1cccc(Cl)c1,3C-like proteinase (SARS-CoV),0.94,1
bdb_91,O=c1cc(-c2ccccc2)oc2cc(O)c(O)c(O)c12,3C-like proteinase (SARS-CoV-2),0.94,1
bdb_94,O=C(Cn1nnc2ccccc21)N(Cc1ccsc1)c1ccc(-c2cccnc2)cc1,3C-like proteinase (SARS-CoV),0.97,1
bdb_520,CSCCC(C=O)NC(=O)C(CC(C)C)NC(=O)C(CC(C)C)NC(C)=O,3C-like proteinase (SARS-CoV-2),0.97,1
bdb_95,O=C1C(=O)N(Cc2cc3ccccc3s2)c2c(Br)cccc21,3C-like proteinase (SARS-CoV),0.98,1
bdb_96,O=C1C(=O)C(Cc2cc3ccccc3s2)c2c(Br)cccc21,3C-like proteinase (SARS-CoV),0.98,1
bdb_97,CCOC(=O)C=CC(Cc1ccccc1)NC(=O)C(Cc1ccccc1)NC(=O)C=Cc1ccc(N(C)C)cc1,3C-like proteinase (SARS-CoV),1,1
bdb_98,CC(=O)n1ccc2c(C(=O)Oc3cncc(Cl)c3)cccc21,3C-like proteinase (SARS-CoV),1,1
bdb_100,CC1CCN(S(=O)(=O)c2ccc3c(c2)C(=O)C(=O)N3Cc2ccccc2)CC1,3C-like proteinase (SARS-CoV),1.04,1
bdb_101,CC1CCN(S(=O)(=O)c2ccc3c(c2)C(=O)C(=O)N3C)CC1,3C-like proteinase (SARS-CoV),1.04,1
bdb_102,CC1CCN(S(=O)(=O)c2ccc3c(c2)C(=O)C(=O)C3Cc2ccccc2)CC1,3C-like proteinase (SARS-CoV),1.04,1
bdb_103,COCC(=O)C(CC1CCNC1=O)NC(=O)C(CC(C)(C)C)NC(=O)C1CCCO1,3C-like proteinase (SARS-CoV),1.08,1
bdb_104,COc1ccc(C(C(=O)NCc2ccccc2)N(C(=O)Cn2nnc3ccccc32)c2ccc(NC(=O)C(C)C)cc2)cc1,3C-like proteinase (SARS-CoV),1.1,1
bdb_105,CC1CCN(S(=O)(=O)c2ccc3c(c2)C(=O)C(=O)N3)CC1,3C-like proteinase (SARS-CoV),1.18,1
bdb_106,CC(=O)NC(CC(C)C)C(=O)NC(CC1CCNC1=O)C(=O)COC(=O)c1c(Cl)cccc1Cl,3C-like proteinase (SARS-CoV),1.28,1
bdb_107,O=C(Cc1ccccc1)Nc1ccc(N(Cc2ccsc2)C(=O)Cn2nnc3ccccc32)cc1,3C-like proteinase (SARS-CoV),1.5,1
bdb_108,CC(C)(C)NC(=O)C(c1cccnc1)N(C(=O)c1ccco1)c1ccc(C(C)(C)C)cc1,3C-like proteinase (SARS-CoV),1.5,1
bdb_521,O=c1sn(-c2cccc3ccccc23)c(=O)n1Cc1ccccc1,3C-like proteinase (SARS-CoV-2),1.55,1
bdb_109,CC(C)C(=O)Nc1ccc(N(C(=O)Cn2nnc3ccccc32)C(C(=O)NCc2ccccc2)c2cccc(F)c2)cc1,3C-like proteinase (SARS-CoV),1.6,1
bdb_111,CC(C)(C)c1ccc(N(C(=O)c2c[nH]cn2)C(C(=O)NC2CCCC2)c2cccnc2)cc1,3C-like proteinase (SARS-CoV),1.7,1
bdb_522,CCCCCCNC(=O)n1cc(F)c(=O)[nH]c1=O,3C-like proteinase (SARS-CoV-2),1.82,1
bdb_112,O=C(C=Cc1ccccc1)NC(Cc1ccccc1)C(=O)NC(CC1CCNC1=O)C(=O)C(=O)NCc1ccccc1,3C-like proteinase (SARS-CoV),1.95,1
bdb_114,O=C(Nc1ccc(N(C(=O)Cn2nnc3ccccc32)C(C(=O)NCc2ccccc2)c2ccsc2)cc1)C1CC1,3C-like proteinase (SARS-CoV),2,1
bdb_116,CC(C)CC(NC(=O)OC1CCN(C(=O)OC(C)(C)C)CC1)C(=O)NC(C=O)CC1CCNC1=O,3C-like proteinase (SARS-CoV),2.1,1
bdb_117,Nc1ncnc2[nH]c(C(F)(F)F)nc12,3C-like proteinase (SARS-CoV),2.2,1
bdb_118,CCC(C)c1ccc(N(C(=O)c2ccco2)C(C(=O)NC2CCCC2)c2cccnc2)cc1,3C-like proteinase (SARS-CoV),2.2,1
bdb_120,CC1CCCCN1S(=O)(=O)c1ccc2c(c1)C(=O)C(=O)N2,3C-like proteinase (SARS-CoV),2.25,1
bdb_121,COc1cccc2[nH]c(C(=O)NC(CC(C)C)C(=O)NC(CC3CCNC3=O)C(C)=O)cc12,3C-like proteinase (SARS-CoV),2.3,1
bdb_122,CC(C)(C)c1ccc(N(C(=O)c2c[nH]cn2)C(C(=O)NC2CCCCC2)c2cccnc2)cc1,3C-like proteinase (SARS-CoV),2.3,1
bdb_123,CC(C)(C)OC(=O)Nc1cccn(C(CC2CCCCC2)C(=O)NC(CC2CCNC2=O)C(=O)C(=O)NC2CC2)c1=O,3C-like proteinase (SARS-CoV-2),2.39,1
bdb_132,COc1cccc2[nH]c(C(=O)NC(CC(C)C)C(=O)NC(CC3CCNC3=O)C(=O)CNC(C)=O)cc12,3C-like proteinase (SARS-CoV),2.65,1
bdb_134,N#Cc1cccc(COc2cc(O)c3c(=O)c(O)c(-c4ccc(O)c(O)c4)oc3c2)c1,3C-like proteinase (SARS-CoV),2.7,1
bdb_135,CC(=O)NC(C(=O)NC(C(=O)NC(CC(C)C)C(=O)NC(CC1CCNC1=O)C(=O)Cn1[nH]c(=O)c2ccccc2c1=O)C(C)O)C(C)C,3C-like proteinase (SARS-CoV),2.7,1
bdb_136,CC(=O)NC(C(=O)NC(C(=O)NC(CC(C)C)C(=O)NC(CC1CCNC1=O)C(=O)Cn1[nH]c(=O)c2ccccc2c1=O)C(C)OCc1ccccc1)C(C)C,3C-like proteinase (SARS-CoV),2.7,1
bdb_137,CC1CC(C)CN(S(=O)(=O)c2ccc3c(c2)C(=O)C(=O)N3C)C1,3C-like proteinase (SARS-CoV),2.82,1
bdb_138,CCC(=O)Nc1ccc(N(Cc2ccn(C)c2)C(=O)Cn2nnc3ccccc32)cc1,3C-like proteinase (SARS-CoV),2.9,1
bdb_140,CCC(=O)Nc1ccc(N(Cc2ccsc2)C(=O)Cn2nnc3ccccc32)cc1,3C-like proteinase (SARS-CoV),2.9,1
bdb_142,O=C(Sc1nnc(C(F)(F)F)[nH]1)c1ccc(C#Cc2ccccc2)o1,3C-like proteinase (SARS-CoV),3,1
bdb_144,O=C(CSc1nccc(-c2csc(-c3ccccc3)n2)n1)Nc1cc(Cl)cc(Cl)c1,3C-like proteinase (SARS-CoV),3,1
bdb_533,CCCC(C=O)NC(=O)C(CC(C)C)NC(=O)C(CC(C)C)NC(=O)OCc1ccccc1,3C-like proteinase (SARS-CoV-2),3.14,1
bdb_146,CCOC(=O)N1CCC(OC(=O)NC(CC(C)C)C(=O)NC(C=O)CC2CCNC2=O)CC1,3C-like proteinase (SARS-CoV),3.2,1
bdb_149,COc1cccc(C(C(=O)NCc2ccccc2)N(C(=O)Cn2nnc3ccccc32)c2ccc(NC(=O)C(C)C)cc2)c1,3C-like proteinase (SARS-CoV),3.5,1
bdb_150,CC(C)C(=O)Nc1ccc(N(Cc2ccn(C)c2)C(=O)Cn2nnc3ccccc32)cc1,3C-like proteinase (SARS-CoV),3.6,1
bdb_151,CC(C)CC(NC(=O)OCc1ccccc1)C(=O)NC(CCC(=O)N(C)C)C(=O)CF,3C-like proteinase (SARS-CoV),3.6,1
bdb_152,CC(C)C(=O)Nc1ccc(N(Cc2ccsc2)C(=O)Cn2nnc3ccccc32)cc1,3C-like proteinase (SARS-CoV),3.6,1
bdb_154,CC(C)(C)NC(=O)C(c1ccsc1)N(C(=O)Cn1nnc2ccccc21)c1ccc(NC(=O)C2CCC2)cc1,3C-like proteinase (SARS-CoV),3.8,1
bdb_155,Cn1ccc(C(C(=O)NC(C)(C)C)N(C(=O)Cn2nnc3ccccc32)c2ccc(NC(=O)C3CCC3)cc2)c1,3C-like proteinase (SARS-CoV),3.8,1
bdb_156,CC(C)CC(NC(=O)OC1(Cc2ccccc2)CCN(S(C)(=O)=O)CC1)C(=O)NC(C=O)CC1CCNC1=O,3C-like proteinase (SARS-CoV),3.9,1
bdb_534,CC(C)CC(C=O)NC(=O)C(CC(C)C)NC(=O)C(CC(C)C)NC(=O)OCc1ccccc1,3C-like proteinase (SARS-CoV-2),3.9,1
bdb_158,Cn1ccc(CN(C(=O)Cn2nnc3ccccc32)c2ccc(NC(=O)C3CC3)cc2)c1,3C-like proteinase (SARS-CoV),4.1,1
bdb_159,CC(C)C(=O)Nc1ccc(N(C(=O)Cn2nnc3ccccc32)C(C(=O)NC(C)(C)C)c2ccsc2)cc1,3C-like proteinase (SARS-CoV),4.1,1
bdb_161,O=c1c(O)c(-c2ccc(O)c(O)c2)oc2cc(OCc3ccc(Cl)cc3)cc(O)c12,3C-like proteinase (SARS-CoV),4.1,1
bdb_162,CC(C)C(=O)Nc1ccc(N(C(=O)Cn2nnc3ccccc32)C(C(=O)NC(C)(C)C)c2ccn(C)c2)cc1,3C-like proteinase (SARS-CoV),4.1,1
bdb_536,CC(C)(C)NC(=O)NC(C(=O)N1CC2C(C1C(=O)NC(CC1CCC1)C(=O)C(N)=O)C2(C)C)C(C)(C)C,3C-like proteinase (SARS-CoV-2),4.13,1
bdb_163,O=C(Nc1ccc(N(C(=O)Cn2nnc3ccccc32)C(C(=O)NC2CCCC2)c2ccsc2)cc1)C1CC1,3C-like proteinase (SARS-CoV),4.2,1
bdb_164,CC(C)(C)CNC(=O)C(c1ccsc1)N(C(=O)Cn1nnc2ccccc21)c1ccc(NC(=O)C2CC2)cc1,3C-like proteinase (SARS-CoV),4.2,1
bdb_165,CC1CC(C)CN(S(=O)(=O)c2ccc3c(c2)C(=O)C(=O)N3)C1,3C-like proteinase (SARS-CoV),4.3,1
bdb_168,Cc1ccc2nc(-c3ccc(N)cc3)sc2c1S(=O)(=O)O,3C-like proteinase (SARS-CoV),4.3,1
bdb_169,O=C1Nc2ccc(S(=O)(=O)N3CCCCC3)cc2C1=O,3C-like proteinase (SARS-CoV),4.45,1
bdb_170,CC(C)CC(NC(=O)C(NC(=O)C(C)NC(=O)OCc1ccccc1)C(C)C)C(=O)NC(C#N)CCC(N)=O,3C-like proteinase (SARS-CoV),4.6,1
bdb_171,CC1CC(C)CN(S(=O)(=O)c2ccc3c(c2)C(=O)C(=O)N3Cc2ccccc2)C1,3C-like proteinase (SARS-CoV),4.7,1
bdb_172,O=C1C(=O)C(Cc2cc3ccccc3s2)c2ccc(F)cc21,3C-like proteinase (SARS-CoV),4.82,1
bdb_180,C=C(C=Cc1ccccc1)Nc1ccccc1SCCCN(C)C,3C-like proteinase (SARS-CoV),5,1
bdb_184,CC(C)(C)NC(=O)C(c1cccnc1)N(C(=O)c1ccc(Cl)o1)c1ccc(C(C)(C)C)cc1,3C-like proteinase (SARS-CoV),5.2,1
bdb_185,CC(C)(C)NC(=O)C(c1ccnnc1)N(C(=O)c1ccco1)c1ccc(C(C)(C)C)cc1,3C-like proteinase (SARS-CoV),5.2,1
bdb_186,CC(C)CC(NC(=O)OC1(Cc2ccccc2)CCN(C(=O)OC(C)(C)C)CC1)C(=O)NC(C=O)CC1CCNC1=O,3C-like proteinase (SARS-CoV),5.2,1
bdb_188,CC(C)(C)NC(=O)C(c1cnccn1)N(C(=O)c1ccco1)c1ccc(C(C)(C)C)cc1,3C-like proteinase (SARS-CoV),5.2,1
bdb_189,CC(C)(C)NC(=O)C(c1cccnc1)N(C(=O)c1c[nH]cn1)c1ccc(C2CCCC2)cc1,3C-like proteinase (SARS-CoV),5.3,1
bdb_190,O=C(O)C(=O)CC(=O)c1cccc(NCc2ccccc2)c1,3C-like proteinase (SARS-CoV),5.4,1
bdb_194,N#Cc1ccc(N2N=C(c3ccccc3)C(=Cc3ccc(C(=O)O)cc3)C2=O)cc1,3C-like proteinase (SARS-CoV),5.5,1
bdb_195,N#Cc1ccc(N2NC(c3ccccc3)C(=Cc3ccc(C(=O)O)cc3)C2=O)cc1,3C-like proteinase (SARS-CoV),5.5,1
bdb_196,CC(C)C(=O)Nc1ccc(N(C(=O)Cn2nnc3ccccc32)C(C(=O)NCc2cccnc2)c2cccc(F)c2)cc1,3C-like proteinase (SARS-CoV),5.5,1
bdb_199,CC(C)(C)NC(=O)C(c1ccncn1)N(C(=O)c1ccco1)c1ccc(C(C)(C)C)cc1,3C-like proteinase (SARS-CoV),5.5,1
bdb_200,CCC1(OC(=O)NC(CC(C)C)C(=O)NC(C=O)CC2CCNC2=O)CCN(C(=O)OC(C)(C)C)CC1,3C-like proteinase (SARS-CoV),5.5,1
bdb_201,CN1C(=O)C(=O)c2cc(S(=O)(=O)N3CCN(c4ccccn4)CC3)ccc21,3C-like proteinase (SARS-CoV),5.52,1
bdb_202,O=CC(Cc1c[nH]cn1)NCC1CC2CCCCC2CN1C(=O)c1ccc(F)cc1,3C-like proteinase (SARS-CoV),5.7,1
bdb_538,CCCCC(NC(=O)C1C2C(CN1C(=O)C(NC(=O)NC1(CS(=O)(=O)C(C)(C)C)CCCCC1)C(C)(C)C)C2(C)C)C(=O)C(=O)NC1CC1,3C-like proteinase (SARS-CoV-2),5.73,1
bdb_205,CC(C)CNC(=O)C(c1cccnc1)N(C(=O)c1c[nH]cn1)c1ccc(C(C)(C)C)cc1,3C-like proteinase (SARS-CoV),5.9,1
bdb_207,CC(C)(C)NC(=O)C(c1cccnc1)N(C(=O)c1c[nH]cn1)c1ccc(C(C)(C)C)cc1,3C-like proteinase (SARS-CoV),6,1
bdb_209,Nc1ncc(S(=O)(=O)c2ccc(Cl)cc2)c(N)n1,3C-like proteinase (SARS-CoV),6,1
bdb_213,CCC(C)(C)NC(=O)C(c1ccn(C)c1)N(C(=O)Cn1nnc2ccccc21)c1ccc(NC(C)=O)cc1,3C-like proteinase (SARS-CoV),6.2,1
bdb_215,CC(C)C(NC(=O)OCc1ccccc1)C(=O)NC(CCC(=O)N(C)C)C(=O)CF,3C-like proteinase (SARS-CoV),6.2,1
bdb_218,CC(C)(C)OC(=O)CNC(=O)C(c1ccsc1)N(C(=O)Cn1nnc2ccccc21)c1ccc(NC(=O)C2CC2)cc1,3C-like proteinase (SARS-CoV),6.3,1
bdb_220,CC(C)(C)CNC(=O)C(c1cccnc1)N(C(=O)c1c[nH]cn1)c1ccc(C(C)(C)C)cc1,3C-like proteinase (SARS-CoV),6.3,1
bdb_221,O=CC(Cc1c[nH]cn1)NCC1CC2CCCCC2CN1C(=O)c1ccc(Br)cc1,3C-like proteinase (SARS-CoV),6.3,1
bdb_222,CC(C)(C)NC(=O)C(c1cccnc1)N(C(=O)c1c[nH]cn1)c1ccc(C2CCCCC2)cc1,3C-like proteinase (SARS-CoV),6.3,1
bdb_223,O=C(O)c1cccc(N2N=C(c3ccccc3)C(=Cc3ccc(-c4ccccc4)o3)C2=O)c1,3C-like proteinase (SARS-CoV),6.4,1
bdb_224,O=C(O)c1ccc(N2NC(c3ccccc3)C(=CC3CCC(c4ccccc4)O3)C2=O)cc1,3C-like proteinase (SARS-CoV),6.4,1
bdb_226,CC(C)(C)c1ccc(N(C(=O)c2c[nH]cn2)C(C(=O)NCc2ccccc2)c2cccnc2)cc1,3C-like proteinase (SARS-CoV),6.6,1
bdb_227,O=C(O)c1ccc(C=C2C(=O)N(c3ccc(F)cc3)NC2c2ccccc2)cc1,3C-like proteinase (SARS-CoV),6.6,1
bdb_228,O=C(O)c1cccc(N2N=C(c3ccccc3)C(=Cc3ccc(-c4ccccc4)cc3)C2=O)c1,3C-like proteinase (SARS-CoV),6.7,1
bdb_230,O=C(O)c1ccc(C=C2C(=O)N(c3ccc(F)cc3)N=C2c2ccccc2)cc1,3C-like proteinase (SARS-CoV),6.8,1
bdb_231,CCC(=O)Nc1ccc(N(C(=O)Cn2nnc3ccccc32)C(C(=O)NC(C)(C)C)c2ccn(C)c2)cc1,3C-like proteinase (SARS-CoV),6.9,1
bdb_233,CCOC(=O)C=CC(Cc1ccccc1)NC(=O)C(Cc1ccccc1)NC(=O)C=Cc1ccc2c(c1)OCO2,3C-like proteinase (SARS-CoV),7,1
bdb_234,CC(C)Cc1ccc(N(C(=O)c2c[nH]cn2)C(C(=O)NC(C)(C)C)c2cccnc2)cc1,3C-like proteinase (SARS-CoV),7,1
bdb_235,Cc1noc(C)c1CC1C(=O)C(=O)c2cc(C#N)ccc21,3C-like proteinase (SARS-CoV),7.2,1
bdb_237,Cn1ccc(CN(C(=O)Cn2nnc3ccccc32)c2ccc(NC(=O)C3CCC3)cc2)c1,3C-like proteinase (SARS-CoV),8.1,1
bdb_238,O=c1c(O)c(-c2ccc(O)c(O)c2)oc2cc(O)cc(O)c12,3C-like proteinase (SARS-CoV),8.1,1
bdb_239,N#Cc1cccc(COc2cc(O)c3c(=O)c(O)c(-c4ccc5c(c4)OCO5)oc3c2)c1,3C-like proteinase (SARS-CoV),8.1,1
bdb_240,O=C(Nc1ccc(N(C(=O)Cn2nnc3ccccc32)C(C(=O)NC2CC2)c2ccsc2)cc1)C1CC1,3C-like proteinase (SARS-CoV),8.2,1
bdb_241,COc1ccc(C2CC(=O)c3c(O)cc(O)cc3O2)cc1O,3C-like proteinase (SARS-CoV),8.3,1
bdb_242,O=c1cc(O)cc2oc(-c3ccc(O)c(-c4c(O)cc(O)c5c(=O)cc(-c6ccc(O)cc6)oc45)c3)cc(O)c1-2,3C-like proteinase (SARS-CoV),8.3,1
bdb_243,O=c1c(O)c(-c2ccc(O)c(-c3c(O)cc(O)c4c(=O)cc(-c5ccc(O)cc5)oc34)c2)oc2cc(O)cc(O)c12,3C-like proteinase (SARS-CoV),8.3,1
bdb_244,CC(C)NC(=O)C(c1ccsc1)N(C(=O)Cn1nnc2ccccc21)c1ccc(NC(=O)C2CC2)cc1,3C-like proteinase (SARS-CoV),8.3,1
bdb_245,O=c1cc(-c2ccc(O)c(-c3c(O)cc(O)c4c(=O)cc(-c5ccc(O)cc5)oc34)c2)oc2cc(O)cc(O)c12,3C-like proteinase (SARS-CoV),8.3,1
bdb_250,CC(C)c1ccc(N2NC(c3ccccc3)C(=CC3CCC(c4ccccc4C(=O)O)O3)C2=O)cc1,3C-like proteinase (SARS-CoV),8.6,1
bdb_539,CCCCC(C=O)NC(=O)C(CC(C)C)NC(=O)C(CC(C)C)NC(C)=O,3C-like proteinase (SARS-CoV-2),8.6,1
bdb_252,Oc1cc(O)cc(Oc2c(O)cc(O)c3c2Oc2c(O)cc(O)cc2O3)c1,3C-like proteinase (SARS-CoV),8.8,1
bdb_253,CCC(C)C(NC(=O)OCc1ccccc1)C(=O)NC(CCC(=O)N(C)C)C(=O)CF,3C-like proteinase (SARS-CoV),8.9,1
bdb_254,CC(C)(C)NC(=O)C(c1ccsc1)N(C(=O)Cn1nnc2ccccc21)c1ccc(NC(=O)C2CC2)cc1,3C-like proteinase (SARS-CoV),8.9,1
bdb_255,Cn1ccc(C(C(=O)NC(C)(C)C)N(C(=O)Cn2nnc3ccccc32)c2ccc(NC(=O)C3CC3)cc2)c1,3C-like proteinase (SARS-CoV),9.1,1
bdb_256,O=C1NN(c2ccc(Cl)c(Cl)c2)C(=O)C1=Cc1ccc(-c2ccc(Br)cc2C(=O)O)o1,3C-like proteinase (SARS-CoV),9.19,1
bdb_259,O=c1c(O)c(-c2ccc3c(c2)OCO3)oc2cc(OCc3ccc(Cl)cc3)cc(O)c12,3C-like proteinase (SARS-CoV),9.3,1
bdb_540,CCN(CC)C(=S)SSC(=S)N(CC)CC,3C-like proteinase (SARS-CoV-2),9.35,1
bdb_261,CC1=C(O)C(=O)C=C2C1=CC=C1C2(C)CCC2(C)C3CC(C)C(=O)CC3(C)CCC12C,3C-like proteinase (SARS-CoV),9.9,1
bdb_262,C=c1c(O)c(O)cc2c1=CC=C1C2(C)CCC2(C)C3CC(C)C(=O)CC3(C)CCC12C,3C-like proteinase (SARS-CoV),9.9,1
bdb_264,O=C(Nc1ccc(N(C(=O)Cn2nnc3ccccc32)C(C(=O)NCc2cccnc2)c2ccsc2)cc1)C1CC1,3C-like proteinase (SARS-CoV),9.9,1
bdb_265,CC(C)(C)NC(=O)C(c1cccnc1)N(C(=O)c1c[nH]cn1)c1ccc(C2CCC2)cc1,3C-like proteinase (SARS-CoV),9.9,1
bdb_266,CN1C(=O)C(=O)c2cc(S(=O)(=O)N3CCOCC3)ccc21,3C-like proteinase (SARS-CoV),9.91,1
bdb_541,CC(C)(C)c1ccc(N(C(=O)c2cnc[nH]2)C(C(=O)NC2CCCCC2)c2cccnc2)cc1,3C-like proteinase (SARS-CoV-2),,1
aid_1,COc1ccc(C(=O)n2c(SC)nc3cc4c(cc32)OCCO4)cc1,3C-like proteinase (SARS-CoV),1.085,1
aid_2,COc1ccc(C2CC(c3cccs3)=NN2C(=O)CCl)cc1OC,3C-like proteinase (SARS-CoV),2.299,1
aid_4,COc1cc(C2CC(c3cccs3)=NN2C(=O)CCl)ccc1OC(F)F,3C-like proteinase (SARS-CoV),2.796,1
aid_6,Cc1cc(C)c(N(C(=O)Cn2nnc3ccccc32)C(C(=O)NC(C)(C)C)c2ccsc2)c(C)c1,3C-like proteinase (SARS-CoV),2.904,1
aid_5,CCc1cc(=O)oc2cc(OC(=O)c3ccco3)ccc12,3C-like proteinase (SARS-CoV),2.962,1
aid_9,Cc1cc(=O)oc2cc(OC(=O)c3ccco3)ccc12,3C-like proteinase (SARS-CoV),3.341,1
aid_8,COc1ccc(C2C(O)C(c3c[nH]c4ccccc34)=NN2C(=O)CCl)cc1,3C-like proteinase (SARS-CoV),3.583,1
aid_7,COc1ccccc1OCCNC(=O)c1cc(=O)[nH]c2ccccc12,3C-like proteinase (SARS-CoV),3.597,1
aid_11,O=C(Cn1nnc2ccccc21)c1ccc(Br)cc1,3C-like proteinase (SARS-CoV),4.013,1
aid_10,Cc1ccc(C2CC(c3cccs3)=NN2C(=O)CCl)cc1,3C-like proteinase (SARS-CoV),4.192,1
aid_15,CCc1nc(N2CCN(C(=O)CCl)CC2)c2c3c(sc2n1)CC(C)CC3,3C-like proteinase (SARS-CoV),4.234,1
aid_14,CCOc1ccc2c(c1)C(=O)C(=O)N2CC1COc2ccccc2O1,3C-like proteinase (SARS-CoV),4.293,1
aid_12,CC(=O)c1cc(-c2ccccc2)[nH]c1N1CCCC1,3C-like proteinase (SARS-CoV),4.633,1
aid_18,Cc1cc(C)c(C)c(S(=O)(=O)N2CCN(C(=O)c3cc(=O)[nH]c4ccccc34)CC2)c1C,3C-like proteinase (SARS-CoV),4.834,1
aid_16,O=C(c1cc(=O)[nH]c2ccccc12)N1CCN(c2cccc(C(F)(F)F)c2)CC1,3C-like proteinase (SARS-CoV),5.098,1
aid_22,COc1cc(C=NNC(=O)Cn2nnc3ccccc32)cc(OC)c1OC,3C-like proteinase (SARS-CoV),5.179,1
aid_21,Cc1ccc(C2=NN(C(=O)CCl)C(c3ccco3)C2)o1,3C-like proteinase (SARS-CoV),5.195,1
aid_20,O=C(C=Cc1cccs1)Nc1scc(-c2ccccc2)c1C(=O)O,3C-like proteinase (SARS-CoV),5.219,1
aid_19,CC1CCC2C(=O)N(c3cc(Cl)ccc3OC(=O)c3ccco3)C(=O)C2C1,3C-like proteinase (SARS-CoV),5.395,1
aid_23,CC(C)c1ccc(N(C(=O)c2ccco2)C(C(=O)NC2CCCC2)c2cccnc2)cc1,3C-like proteinase (SARS-CoV),5.926,1
aid_25,CCC(C)(C)NC(=O)C(c1cccn1C)N(C(=O)Cn1nnc2ccccc21)c1ccc(NC(C)=O)cc1,3C-like proteinase (SARS-CoV),6.288,1
aid_26,Cc1cccc(N2CCN(C(=O)c3cc(=O)[nH]c4ccccc34)CC2)c1C,3C-like proteinase (SARS-CoV),6.66,1
aid_29,O=C(Oc1ccc(Br)cc1C(=O)C=Cc1ccccc1F)c1ccco1,3C-like proteinase (SARS-CoV),7.121,1
aid_28,O=Cc1cn(Cc2ccccc2)nc1-c1cccnc1,3C-like proteinase (SARS-CoV),7.214,1
aid_31,COc1cccc(C(C(=O)NCc2ccco2)N(Cc2ccco2)C(=O)Cn2nnc3ccccc32)c1,3C-like proteinase (SARS-CoV),7.755,1
aid_33,COc1ccc(N(C(=O)Cn2nnc3ccccc32)C2(C(=O)NC3CCCC3)CCCCC2)cc1,3C-like proteinase (SARS-CoV),7.887,1
aid_35,COc1ccccc1C=CC(=O)c1cc(Br)ccc1OC(=O)c1ccco1,3C-like proteinase (SARS-CoV),8.939,1
aid_38,COc1ccc(C(C(=O)NCC2CCCO2)N(C(=O)Cn2nnc3ccccc32)c2ccc(NC(C)=O)cc2)cc1,3C-like proteinase (SARS-CoV),9.352,1
aid_36,O=c1[nH]c(=O)n(-c2ccccc2F)c(O)c1C=C1C=Nc2ccccc21,3C-like proteinase (SARS-CoV),9.466,1
aid_44,O=C(Nc1ccccc1)NN(C(=O)CCl)c1ccccc1,3C-like proteinase (SARS-CoV),9.636,1
aid_43,COc1ccc2c(c1)C(=O)C(=O)N2CC1COc2ccccc2O1,3C-like proteinase (SARS-CoV),9.737,1
aid_41,COc1cc2c(cc1OC)C(c1cc(Br)ccc1F)N(C(=O)CCl)CC2,3C-like proteinase (SARS-CoV),9.879,1
aid_40,O=C(Cn1nnc2ccccc21)c1ccc(Cl)cc1,3C-like proteinase (SARS-CoV),9.908,1
aid_39,O=C(c1cc(=O)[nH]c2ccccc12)N1CCN(c2ccccc2)CC1,3C-like proteinase (SARS-CoV),9.945,1
